Workbook

Sheet Faltantes febrero
A1: 7 | B1: LUSTRADORA | C1: SUPER SPEED | D1: Sin Modelo | F1: 43001000 | G1: QUIMICA MONTPELLIER S.A, - EDIF VIRREY LINIERS 667 | H1: ANDRADA | I1: BAJA
A2: 96 | B2: ASPIRADORA | C2: SUPER SPEED | D2: 101-P | E2: ELECTRICA | F2: 3234001000 | G2: ADIDAS CUYO | H2: FARIAS | J2: en reparación
A3: 101 | B3: ASPIRADORA MOCHILA | C3: CLARKE | D3: NAPSAC 424 | E3: ELECTRICA | F3: 3182003000 | G3: GMRA/ MIRGOR | J3: DADA DE BAJA
A4: 176 | B4: LUSTRADORA | C4: CLARKE | D4: C-15 | E4: ELECTRICA | F4: 43001000 | G4: QUIMICA MONTPELLIER S.A, - EDIF VIRREY LINIERS 667
A5: 219 | B5: ASPIRADORA | C5: TURBION | D5: T/67 | E5: ELECTRICA | F5: 165001000 | G5: Toyota Planta Zarate | H5: JEREMIAS | J5: NO ESTA EN EL SERVICIO
A6: 263 | B6: LAVADORA DE ALF.TRANSVERSAL | C6: CLARKE | D6: CM-12 | E6: ELECTRICA | F6: 1165000000 | G6: Banco Santa Fe Casa Central Rosario | H6: LUCIO RAMOS | J6: no está en el servicio
A7: 328 | B7: ASPIRADORA | C7: CLARKE | D7: 600 A | E7: ELECTRICA | F7: 1165005000 | G7: NUEVO BANCO DE SANTA FE S.A. - AGENCIA TRIBUNALES ROSARIO | H7: LUCIO RAMOS
A8: 372 | B8: ASPIRADORA | C8: SUPER SPEED | D8: 101-P | E8: ELECTRICA | F8: 1165003000 | G8: NUEVO BANCO DE SANTA FE S.A. - AGENCIA SAN MARTÍN | H8: LUCIO RAMOS
A9: 388 | B9: ASPIRADORA | C9: CLARKE | D9: 600 A | E9: ELECTRICA | F9: 1165067000 | G9: NUEVO BANCO DE SANTA FE S.A. - AGENCIA CAFERATTA | H9: LUCIO RAMOS
A10: 539 | B10: ASPIRADORA | C10: SUPER SPEED | D10: 101-P/A | E10: ELECTRICA | F10: 157004000 | G10: Banco de Valores Dep. Pompeya | H10: ORTIZ
A11: 563 | B11: LUSTRADORA | C11: SUPER SPEED | D11: P-28 | E11: ELECTRICA | F11: 3042074001 | G11: CEILING SOLUTIONS S.A. - Unibroker | H11: BAJA DEL SERVICIO
A12: 658 | B12: LUSTRADORA | C12: SUPER SPEED | D12: P-39 | E12: ELECTRICA | F12: 1532001000 | G12: Hospital Naval Bs As
A13: 752 | B13: ASPIRADORA | C13: SUPER SPEED | D13: 101-P | E13: ELECTRICA | F13: 1165112000 | G13: NUEVO BANCO DE SANTA FE S.A. - EDIF SARGENTO CABRAL 156 | H13: LUCIO RAMOS
A14: 757 | B14: ASPIRADORA | C14: SUPER SPEED | D14: 101-P/A | E14: ELECTRICA | F14: 165001000 | G14: Toyota Planta Zarate | H14: JEREMIAS | J14: NO ESTA EN EL SERVICIO
A15: 930 | B15: LUSTRADORA | C15: SUPER SPEED | D15: P-28 | E15: ELECTRICA | F15: 3178001000 | G15: INTI - RETIRO
A16: 931 | B16: LUSTRADORA | C16: DIXTER | D16: 1014 | E16: ELECTRICA | F16: 212005000 | G16: ALTIRA Edif. San Martin | H16: ORTIZ
A17: 934 | B17: ASPIRADORA | C17: CLARKE | D17: 600 A | E17: ELECTRICA | F17: 1165001000 | G17: NUEVO BANCO DE SANTA FE S.A. - AGENCIA ECHESORTU | H17: LUCIO RAMOS
A18: 965 | B18: LUSTRADORA | C18: DIXTER | D18: Sin Modelo | E18: ELECTRICA | F18: 1165000000 | G18: Banco Santa Fe Casa Central Rosario | H18: LUCIO RAMOS | J18: no está en el servicio
A19: 1114 | B19: LUSTRADORA | C19: CLARKE | D19: FM 1500 | E19: ELECTRICA | F19: 3319002000 | G19: Banco Prov. B.A. San Martin 108 | H19: MITOLO | J19: no esta
A20: 1121 | B20: LUSTRADORA | C20: SUPER SPEED | D20: P-39 | E20: ELECTRICA | F20: 3042116001 | G20: Distribuidora Cañon | H20: ALE GAONA | J20: NO ESTA EN EL SERVICIO
A21: 1182 | B21: LAVADORA DE ALFOMBRA ROTATIVA | C21: SUPER SPEED | D21: P-39 | E21: ELECTRICA | F21: 3223006000 | G21: CLICOH EXPRESS S.A.S - ALEJANDRO M. CERVANTES 1433 | H21: BAJA DEL SERVICIO
A22: 1349 | B22: LUSTRADORA | C22: SUPER SPEED | D22: P-39 | E22: ELECTRICA | F22: 165001000 | G22: Toyota Planta Zarate | H22: JEREMIAS | J22: NO ESTA EN EL SERVICIO
A23: 1354 | B23: LUSTRADORA | C23: DIXTER | D23: Sin Modelo | E23: ELECTRICA | F23: 1925001000 | G23: Loma Negra Vicente Casares | H23: Leo Baez | J23: no está en el servicio
A24: 1465 | B24: ASPIRADORA | C24: SUPER SPEED | D24: 101-P | E24: ELECTRICA | F24: 1068021000 | G24: SOUTHBAY SRL - PASEO ALCORTA | H24: ALE GAONA
A25: 1633 | B25: ASPIRADORA | C25: SUPER SPEED | D25: 101-P | E25: ELECTRICA | F25: 212005000 | G25: ALTIRA Edif. San Martin | H25: ORTIZ
A26: 1715 | B26: ASPIRADORA | C26: SUPER SPEED | D26: 101-P | E26: ELECTRICA | F26: 1532001000 | G26: Hospital Naval Bs As
A27: 1955 | B27: ASPIRADORA | C27: SUPER SPEED | D27: 101-P/A | E27: ELECTRICA | F27: 1967007000 | G27: Jones Lang Google Ali | H27: SABINA LEIVA | J27: no está en el servicio
A28: 2009 | B28: ASPIRADORA | C28: SIRIO | D28: YES 215 | E28: ELECTRICA | F28: 1014007 | G28: Limpiolux Maq. Córdoba | H28: JEREMIAS | J28: NO ESTA EN EL SERVICIO
A29: 2012 | B29: ASPIRADORA | C29: SIRIO | D29: YES 215 | E29: ELECTRICA | F29: 3073001000 | G29: MOLINOS BENVENUTO S.A - EDIFICIO CATAMARCA 1053 | H29: LUCIO RAMOS
A30: 2028 | B30: ASPIRADORA | C30: SIRIO | D30: YES 215 | E30: ELECTRICA | F30: 1165000000 | G30: Banco Santa Fe Casa Central Rosario | H30: LUCIO RAMOS | J30: no está en el servicio
A31: 2053 | B31: LUSTRADORA | C31: SUPER SPEED | D31: P-39 | E31: ELECTRICA | F31: 1165000000 | G31: Banco Santa Fe Casa Central Rosario | H31: LUCIO RAMOS | J31: no está en el servicio
A32: 2065 | B32: LUSTRADORA | C32: SUPER SPEED | D32: P-28 | E32: ELECTRICA | F32: 1493003000 | G32: Prisma Medios de pagos | H32: JEREMIAS | J32: Donada a cliente (Eduardo Souza año 2003)
A33: 2113 | B33: ASPIRADORA | C33: SIRIO | D33: YES 215 | E33: ELECTRICA | F33: 1165116000 | G33: NUEVO BANCO DE SANTA FE S.A. - CALL CENTER RIOJA 920 - ROSARIO | H33: LUCIO RAMOS
A34: 2146 | B34: LUSTRADORA | C34: DIXTER | D34: Sin Modelo | E34: ELECTRICA | F34: 2081002000 | G34: EXTERNAL MARKET S.R.L. - SARGENTO CABRAL 4235 - MUNRO | H34: BAJA DEL SERVICIO
A35: 2146 | B35: LUSTRADORA | C35: DIXTER | D35: Sin Modelo | E35: ELECTRICA | F35: 2081002000 | G35: EXTERNAL MARKET S.R.L. - SARGENTO CABRAL 4235 - MUNRO | H35: BAJA DEL SERVICIO
A36: 2267 | B36: ASPIRADORA | C36: SIRIO | D36: AIR FORCE X 1 | E36: ELECTRICA | F36: 1014007 | G36: Limpiolux Maq. Córdoba | H36: JEREMIAS | J36: NO ESTA EN EL SERVICIO
A37: 2274 | B37: LAVADORA DE ALFOMBRA ROTATIVA | C37: DIXTER | D37: S.KLINER | E37: ELECTRICA | F37: 2548017000 | G37: Telecentro Luis Guillon | H37: BANEGA | J37: no está en el servicio
A38: 2314 | B38: FREGADORA ELECTRICA | C38: SUPER SCRUBBER | D38: S20 E | E38: ELECTRICA | F38: 3316001000 | G38: UNION TRAB GASTR REP ARG SECC AVELLANEDADELEGACION TEMPERLEY-CASA PARTICULAR –Dorrego 539 | H38: BAJA DEL SERVICIO
A39: 2329 | B39: ASPIRADORA | C39: SUPER SPEED | D39: 101-P | E39: ELECTRICA | F39: 1165000000 | G39: Banco Santa Fe Casa Central Rosario | H39: LUCIO RAMOS | J39: no está en el servicio
A40: 2540 | B40: HIDROLAVADORA A.FRIA ELECTRICA | C40: NILFISK | D40: ALTO POSEIDON 3 | E40: ELECTRICA | F40: 1165000000 | G40: Banco Santa Fe Casa Central Rosario
A41: 2593 | B41: LUSTRADORA | C41: SUPER SPEED | D41: P-39 | E41: ELECTRICA | F41: 165001000 | G41: Toyota Planta Zarate | H41: JEREMIAS | J41: NO ESTA EN EL SERVICIO
A42: 2613 | B42: LAVADORA INYECCION-EXTRACCION | C42: Soteco | D42: Genius 650 | E42: ELECTRICA | F42: 3265001000 | G42: IRSA Inversiones y Representaciones S.A - ABASTO SHOPPING | H42: SUAREZ
A43: 2624 | B43: ASPIRADORA | C43: FORZA | D43: 303 WD | E43: ELECTRICA | F43: 2044029000 | G43: ADIDAS CUYO | H43: FARIAS | J43: en reparación
A44: 2680 | B44: FREGADORA | C44: SUPER SCRUBBER | D44: S-32 | E44: ELECTRICA | J44: de baja
A45: 2815 | B45: LAVA FREGADORA | C45: KARCHER | D45: BR 40 | E45: ELECTRICA | F45: 2905001000 | J45: DE BAJA
A46: 3275 | B46: ASPIRADORA | C46: VIPER | D46: LSU 275-ARG | E46: ELECTRICA | F46: 3260001000 | G46: GENERAL MOTORS - GENERAL MOTORS - SANTA FE | H46: EVELYN | J46: En reparación
A47: 3321 | B47: HIDROLAVADORA | C47: STIHL | D47: RE 150 | E47: ELECTRICA | F47: 157004000 | G47: BANCO DE VALORES S.A. - DEPOSITO POMPEYA | H47: ORTIZ
A48: 3396 | B48: ASPIRADORA | C48: FORZA | D48: 303 WD | E48: ELECTRICA | F48: 2962003000 | G48: Embajada EE UU

Sheet Inventario ENE 30-1-26
A1: Nro Inventario | B1: Inventario de Maquinarias por Nro.Descripción | C1: Marcas.Descripción | D1: Modelos.Descripción | E1: Serie | F1: Fecha de Incorporación | G1: Casa | H1: Nombre de casa | I1: Unidad de negocio | J1: Potencia W
A2: 5 | B2: LUSTRADORA | C2: SUPER SPEED | D2: P-39 | F2: 25688 | G2: 3135001000 | H2: CELSUR - GRAL RODRIGUEZ | I2: LIMPIOLUX | J2: 309.5
A3: 6 | B3: LUSTRADORA | C3: SUPER SPEED | D3: P-39 | F3: 36773 | G3: 3370003000 | H3: ANAC - EZEIZA Centro de Instrucción, perfeccionamiento y experimentación CIPE Aerop. M. Pistarini | I3: LIMPIOLUX | J3: 309.5
A4: 7 | B4: LUSTRADORA | C4: SUPER SPEED | D4: Sin Modelo | F4: 25688 | G4: 43001000 | H4: QUIMICA MONTPELLIER S.A, - EDIF VIRREY LINIERS 667 | I4: LIMPIOLUX | J4: 1212
A5: 8 | B5: LUSTRADORA | C5: SUPER SPEED | D5: Sin Modelo | F5: 27760 | G5: 165005000 | H5: TOYOTA ARGENTINA S.A.. - OF MARTINEZ | I5: LIMPIOLUX | J5: 1212
A6: 11 | B6: LAVADORA DE ALFOMBRA ROTATIVA | C6: DIXTER | D6: P-39 | E6: 42617 | F6: 25688 | G6: 66011000 | H6: CENCOSUD S.A., - UNICENTER SHOPPING | I6: LIMPIOLUX | J6: 318.5
A7: 18 | B7: ASPIRADORA | C7: CLARKE | D7: 600 A | E7: 117405 | F7: 25688 | G7: 212007000 | H7: A.T.I.L.R.A. - EDIFICIO BOATTI 140 - MORON | I7: LIMPIOLUX | J7: 1091
A8: 23 | B8: LUSTRADORA | C8: DIXTER | D8: Sin Modelo | F8: 25688 | G8: 3207001000 | H8: DIRECCION NACIONAL DE VIALIDAD - REGION 1 - BUENOS AIRES CABA | I8: LIMPIOLUX | J8: 1154
A9: 26 | B9: LUSTRADORA | C9: SUPER SPEED | D9: P-39 | E9: 9814 | F9: 25688 | G9: 43006000 | H9: QUIMICA MONTPELLIER S.A, - POLO FARMACEUTICO | I9: LIMPIOLUX | J9: 309.5
A10: 30 | B10: ASPIRADORA | C10: DIXTER | D10: A.18 | F10: 25688 | G10: 1068020000 | H10: SOUTHBAY SRL-Alto Avellaneda Shopping | I10: LIMPIOLUX
A11: 31 | B11: ASPIRADORA | C11: CLARKE | D11: 600 A | F11: 25688 | G11: 43006000 | H11: QUIMICA MONTPELLIER S.A, - POLO FARMACEUTICO | I11: LIMPIOLUX | J11: 1091
A12: 35 | B12: ASPIRADORA | C12: CLARKE | D12: 600 A | E12: 115350 | F12: 25688 | G12: 2886003000 | H12: CRANE WORLDWIDE LOGISTICS ARGENTINA S.A. - OF. ESTADOS UNIDOS 20 - Piso 3° | I12: LIMPIOLUX | J12: 1091
A13: 40 | B13: LUSTRADORA | C13: SUPER SPEED | D13: P-39 | E13: 722 | F13: 25688 | G13: 2126001000 | H13: MINISTERIO DE HACIENDA - CASA CENTRAL - YRIGOYEN 250 | I13: LIMPIOLUX | J13: 309.5
A14: 41 | B14: LUSTRADORA | C14: SUPER SPEED | D14: P-39 | E14: 1223 | F14: 25688 | G14: 66011000 | H14: CENCOSUD S.A., - UNICENTER SHOPPING | I14: LIMPIOLUX | J14: 309.5
A15: 46 | B15: LUSTRADORA | C15: SUPER SPEED | D15: P-39 | E15: 1489 | F15: 25688 | G15: 2798001000 | H15: SINERGIUM BIOTECH S.A. - PLANTA GARIN | I15: LIMPIOLUX | J15: 309.5
A16: 49 | B16: LUSTRADORA | C16: SUPER SPEED | D16: P-28 | E16: 15620 | F16: 25688 | G16: 2548095000 | H16: TELECENTRO S.A. - MALVINAS - FELIX DE OLAZABAL 150 | I16: LIMPIOLUX | J16: 461
A17: 56 | B17: ASPIRADORA | C17: SUPER SPEED | D17: 101-P/A | E17: 13787 | F17: 25688 | G17: 3288001000 | H17: LX ARGENTINA | I17: LIMPIOLUX | J17: 1212
A18: 62 | B18: LAVADORA DE ALFOMBRA ROTATIVA | C18: SUPER SPEED | D18: P-39 | E18: 2 | F18: 25688 | G18: 1165000000 | H18: NUEVO BANCO DE SANTA FE S.A. - CASA CENTRAL ROSARIO | I18: LIMPIOLUX | J18: 309.5
A19: 65 | B19: LUSTRADORA | C19: SUPER SPEED | D19: P-39 | E19: 5 | F19: 25688 | G19: 66031000 | H19: CENCOSUD S.A., - CENTRO DE DISTRIBUCION EZEIZA | I19: LIMPIOLUX | J19: 309.5
A20: 66 | B20: LAVADORA DE ALFOMBRA ROTATIVA | C20: SUPER SPEED | D20: P-39 | E20: 4062 | F20: 25688 | G20: 3042104001 | H20: CEILING SOLUTIONS S.A. - FRIGORIFICO RIOSMA SOCIEDAD ANONIMA - EDIF. MATADEROS | I20: CEILING | J20: 309.5
A21: 68 | B21: LUSTRADORA | C21: DIXTER | D21: Sin Modelo | E21: 1047258 | F21: 25688 | G21: 3328001000 | H21: AL RIO SPORT CLUB SAN ISIDRO | I21: CEILING | J21: 1154
A22: 85 | B22: LAVADORA DE ALFOMBRA ROTATIVA | C22: SUPER SPEED | D22: P-39 | E22: 6966 | F22: 25688 | G22: 3116001000 | H22: GIRE - AV CASEROS | I22: LIMPIOLUX | J22: 309.5
A23: 87 | B23: LAVADORA DE ALFOMBRA ROTATIVA | C23: SUPER SPEED | D23: P-39 | E23: 6786 | F23: 25688 | G23: 1165000000 | H23: NUEVO BANCO DE SANTA FE S.A. - CASA CENTRAL ROSARIO | I23: LIMPIOLUX | J23: 309.5
A24: 90 | B24: LAVADORA DE ALFOMBRA ROTATIVA | C24: DIXTER | D24: Sin Modelo | F24: 25688 | G24: 153002000 | H24: ABBOTT LABORATORIES ARGENTINA S.A.. - ABBOTT PLANTA | I24: LIMPIOLUX | J24: 1154
A25: 91 | B25: LUSTRADORA | C25: DIXTER | D25: S.KLINER | F25: 25688 | G25: 66032000 | H25: CENCOSUD S.A., - PLANTA DE CARNES - EZEIZA | I25: LIMPIOLUX | J25: 532
A26: 92 | B26: LUSTRADORA | C26: DIXTER | D26: Sin Modelo | E26: 3852 | F26: 25688 | G26: 1014002 | H26: LIMPIOLUX S. A. - C. I. M. REPARACIONES | J26: 1154
A27: 94 | B27: LUSTRADORA | C27: SUPER SPEED | D27: E-39 | F27: 25688 | G27: 2126001000 | H27: MINISTERIO DE HACIENDA - CASA CENTRAL - YRIGOYEN 250 | I27: LIMPIOLUX | J27: 309.5
A28: 96 | B28: ASPIRADORA | C28: SUPER SPEED | D28: 101-P | E28: 13761 | F28: 25688 | G28: 3234001000 | H28: CUSHMAN & WAKEFIELD ARGENTINA SRL - ADIDAS CUYO - SAN ISIDRO | I28: LIMPIOLUX | J28: 1212
A29: 97 | B29: ASPIRADORA | C29: TURBION | D29: T/66 | F29: 25688 | G29: 18001000 | H29: BOLSA DE COMERCIO DE BUENOS AIRES - EDIF SARMIENTO 299 | I29: LIMPIOLUX | J29: 1202.5
A30: 102 | B30: ASPIRADORA | C30: CLARKE | D30: 600 A | E30: 117012 | F30: 25688 | G30: 1014001 | H30: LIMPIOLUX S. A. - C. I. M. STOCK | J30: 1091
A31: 103 | B31: ASPIRADORA | C31: SUPER SPEED | D31: 101-P | E31: 8197 | F31: 25688 | G31: 1014001 | H31: LIMPIOLUX S. A. - C. I. M. STOCK | J31: 1212
A32: 104 | B32: ASPIRADORA | C32: SUPER SPEED | D32: 101-P | E32: 13742 | F32: 25688 | G32: 2958001000 | H32: METAGAL ARGENTINA S.A. - EDIFICIO VILLA DE MAYO | I32: LIMPIOLUX | J32: 1212
A33: 106 | B33: LUSTRADORA | C33: SUPER SPEED | D33: P-39 | E33: 7403 | F33: 25688 | G33: 1014001 | H33: LIMPIOLUX S. A. - C. I. M. STOCK | J33: 309.5
A34: 109 | B34: LAVADORA DE ALFOMBRA ROTATIVA | C34: SUPER SPEED | D34: P-39 | E34: 628 | F34: 25688 | G34: 1014001 | H34: LIMPIOLUX S. A. - C. I. M. STOCK | J34: 309.5
A35: 112 | B35: LUSTRADORA | C35: DIXTER | D35: S.KLINER | F35: 25688 | G35: 2558002000 | H35: FIDEISALUD S.A. - Bartolome Mitre 1375 | I35: LIMPIOLUX | J35: 532
A36: 113 | B36: ASPIRADORA | C36: DIXTER | D36: 2815 | F36: 25688 | G36: 66031000 | H36: CENCOSUD S.A., - CENTRO DE DISTRIBUCION EZEIZA | I36: LIMPIOLUX | J36: 1154
A37: 119 | B37: ASPIRADORA | C37: CLARKE | D37: 600 A | F37: 25688 | G37: 1165004000 | H37: NUEVO BANCO DE SANTA FE S.A. - AGENCIA AYACUCHO | I37: LIMPIOLUX | J37: 1091
A38: 120 | B38: ASPIRADORA | C38: SUPER SPEED | D38: 101-P | E38: 4097 | F38: 25688 | G38: 1507003000 | H38: AGROFARM S.A. - EDIF MORENO 957 - PISO 10º | I38: LIMPIOLUX | J38: 1212
A39: 123 | B39: LAVADORA DE ALFOMBRA ROTATIVA | C39: DIXTER | D39: Sin Modelo | F39: 25688 | G39: 165001000 | H39: TOYOTA ARGENTINA S.A.. - PLANTA ZARATE | I39: LIMPIOLUX | J39: 1154
A40: 124 | B40: LUSTRADORA | C40: CLARKE | D40: FM 1700 | F40: 25688 | G40: 1000012 | H40: LIMPIOLUX S. A. - LIMPIOLUX S. A. - GERENCIA (PEÑA) | J40: 629
A41: 125 | B41: LUSTRADORA | C41: SUPER SPEED | D41: P-39 | E41: 6757 | F41: 25688 | G41: 193012000 | H41: LABORATORIOS BAGO S.A.. - EDIF LA PLATA - CALLE 4 | I41: LIMPIOLUX | J41: 309.5
A42: 129 | B42: LUSTRADORA | C42: SUPER SPEED | D42: P-28 | E42: 13618 | F42: 25688 | G42: 157002000 | H42: BANCO DE VALORES. - SUC 25 DE MAYO 311 | I42: LIMPIOLUX | J42: 461
A43: 135 | B43: LUSTRADORA | C43: DIXTER | D43: S.KLINER | F43: 25688 | G43: 1068001000 | H43: NIKE ARGENTINA S.A. - EDIF LIBERTADOR 2442 | I43: LIMPIOLUX | J43: 532
A44: 138 | B44: LUSTRADORA | C44: SUPER SPEED | D44: P-28 | E44: 11048 | F44: 25688 | G44: 165008000 | H44: TOYOTA ARGENTINA S.A.. - AGENCIA LEXUS - LIBERTADOR 860 | I44: LIMPIOLUX | J44: 461
A45: 139 | B45: ASPIRADORA | C45: CLARKE | D45: 600 A | F45: 25688 | G45: 1165000000 | H45: NUEVO BANCO DE SANTA FE S.A. - CASA CENTRAL ROSARIO | I45: LIMPIOLUX | J45: 1091
A46: 147 | B46: LUSTRADORA A.VELOC.ELECTRICA | C46: TASKI | D46: SUPERSONIC | F46: 25688 | G46: 43006000 | H46: QUIMICA MONTPELLIER S.A, - POLO FARMACEUTICO | I46: LIMPIOLUX
A47: 150 | B47: ASPIRADORA | C47: CLARKE | D47: 600 A | E47: 117460 | F47: 25688 | G47: 18001000 | H47: BOLSA DE COMERCIO DE BUENOS AIRES - EDIF SARMIENTO 299 | I47: LIMPIOLUX | J47: 1091
A48: 152 | B48: ASPIRADORA | C48: CLARKE | D48: 600 A | F48: 25688 | G48: 1000002 | H48: LIMPIOLUX S. A. - GERENCIA (EL CAPRICHO) | J48: 1091
A49: 155 | B49: ASPIRADORA | C49: TURBION | D49: T/67 | F49: 25688 | G49: 2499009000 | H49: PEPSICO DE ARGENTINA S.R.L. - MUNRO | I49: LIMPIOLUX | J49: 1202.5
A50: 156 | B50: ASPIRADORA | C50: CLARKE | D50: 600 A | E50: 1111111111 | F50: 25688 | G50: 3042049000 | H50: CEILING SOLUTIONS S.A. - JOFRE & CIA S.A COMERCIO EXTERIOR Y LOGISTICA | I50: CEILING | J50: 1091
A51: 161 | B51: LUSTRADORA | C51: DIXTER | D51: Sin Modelo | E51: 3378 | F51: 25688 | G51: 153002000 | H51: ABBOTT LABORATORIES ARGENTINA S.A.. - ABBOTT PLANTA | I51: LIMPIOLUX | J51: 1154
A52: 165 | B52: ASPIRADORA | C52: SUPER SPEED | D52: 101-P | E52: 12189 | F52: 25688 | G52: 2840001000 | H52: ATLAS COPCO ARGENTINA S.A.C.I. - EDIF. ESTADOS UNIDOS 5335 | I52: LIMPIOLUX | J52: 1212
A53: 166 | B53: LAVADORA DE ALFOMBRA ROTATIVA | C53: CLARKE | D53: MP-18 | E53: SA-0911 | F53: 25688 | G53: 18001000 | H53: BOLSA DE COMERCIO DE BUENOS AIRES - EDIF SARMIENTO 299 | I53: LIMPIOLUX
A54: 167 | B54: ASPIRADORA | C54: SUPER SPEED | D54: 101-P | E54: 13709 | F54: 25688 | G54: 2548094000 | H54: TELECENTRO S.A. - LAFERRERE - DEL TEJAR 5298 | I54: LIMPIOLUX | J54: 1212
A55: 170 | B55: ASPIRADORA | C55: SUPER SPEED | E55: 12119 | F55: 25688 | G55: 1848001000 | H55: DVS S.R.L. - VILLA LINCH | I55: LIMPIOLUX | J55: 1212
A56: 175 | B56: LAVADORA DE ALFOMBRA ROTATIVA | C56: SUPER SPEED | D56: P-39 | E56: 25362 | F56: 25688 | G56: 1014001 | H56: LIMPIOLUX S. A. - C. I. M. STOCK | J56: 309.5
A57: 176 | B57: LUSTRADORA | C57: CLARKE | D57: C-15 | F57: 25688 | G57: 43001000 | H57: QUIMICA MONTPELLIER S.A, - EDIF VIRREY LINIERS 667 | I57: LIMPIOLUX | J57: 503
A58: 178 | B58: LUSTRADORA | C58: DIXTER | D58: S.KLINER | F58: 25688 | G58: 3292001000 | H58: ELHYMEC SACIF - ELHYMEC- GENERAL PACHECO | I58: LIMPIOLUX | J58: 532
A59: 180 | B59: LUSTRADORA | C59: DIXTER | D59: Sin Modelo | E59: 1234556 | F59: 25688 | G59: 1014002 | H59: LIMPIOLUX S. A. - C. I. M. REPARACIONES | J59: 1154
A60: 185 | B60: LUSTRADORA | C60: DIXTER | D60: Sin Modelo | E60: 205 | F60: 25688 | G60: 1014002 | H60: LIMPIOLUX S. A. - C. I. M. REPARACIONES | J60: 1154
A61: 186 | B61: LUSTRADORA | C61: DIXTER | D61: S.KLINER | F61: 25688 | G61: 2679001000 | H61: METALURGICASIAM S.A. - CORDOBA 2156 | I61: LIMPIOLUX | J61: 532
A62: 189 | B62: ASPIRADORA | C62: SUPER SPEED | D62: 101-P | E62: 13755 | F62: 25688 | G62: 2126001000 | H62: MINISTERIO DE HACIENDA - CASA CENTRAL - YRIGOYEN 250 | I62: LIMPIOLUX | J62: 1212
A63: 190 | B63: ASPIRADORA | C63: TURBION | D63: T/67 | F63: 35459 | G63: 66011000 | H63: CENCOSUD S.A., - UNICENTER SHOPPING | I63: LIMPIOLUX | J63: 1202.5
A64: 198 | B64: LUSTRADORA | C64: DIXTER | D64: S.KLINER | F64: 25688 | G64: 1165000000 | H64: NUEVO BANCO DE SANTA FE S.A. - CASA CENTRAL ROSARIO | I64: LIMPIOLUX | J64: 532
A65: 199 | B65: LUSTRADORA | C65: DIXTER | D65: S-10 | F65: 25688 | G65: 1406001000 | H65: FINNING ARGENTINA S.A. - VENEZUELA 4021 - TORTUGUITAS | I65: LIMPIOLUX | J65: 292
A66: 200 | B66: LUSTRADORA | C66: DIXTER | D66: Sin Modelo | E66: 242526 | F66: 25688 | G66: 3343001000 | H66: DALFILM S.A. | I66: LIMPIOLUX | J66: 1154
A67: 203 | B67: LUSTRADORA | C67: SUPER SPEED | D67: P-28 | E67: 13619 | F67: 25688 | G67: 43006000 | H67: QUIMICA MONTPELLIER S.A, - POLO FARMACEUTICO | I67: LIMPIOLUX | J67: 461
A68: 211 | B68: ASPIRADORA | C68: CLARKE | D68: 600 A | E68: 117416 | F68: 25688 | G68: 2514002000 | H68: JOCKEY CLUB A.C. - HOSPITAL VETERINARIO HIPODROMO DE SAN ISODRO | I68: LIMPIOLUX | J68: 1091
A69: 212 | B69: ASPIRADORA | C69: SUPER SPEED | F69: 25688 | G69: 127001000 | H69: EGGER ARGENTINA S.A. - 25 DE MAYO 359- PISO 15° | I69: LIMPIOLUX | J69: 1212
A70: 213 | B70: ASPIRADORA | C70: TURBION | D70: T/67 | F70: 34849 | G70: 1165000000 | H70: NUEVO BANCO DE SANTA FE S.A. - CASA CENTRAL ROSARIO | I70: LIMPIOLUX | J70: 1202.5
A71: 224 | B71: ASPIRADORA | C71: CLARKE | D71: 600 A | E71: 117489 | F71: 25688 | G71: 153001000 | H71: ABBOTT LABORATORIES ARGENTINA S.A.. - ABBOTT CENTRO | I71: LIMPIOLUX | J71: 1091
A72: 227 | B72: LUSTRADORA | C72: SUPER SPEED | D72: P-39 | E72: 936409 | F72: 25688 | G72: 3300202000 | H72: CASA DE MONEDA - Ruta Panamericana KM. 25,800 | I72: LIMPIOLUX | J72: 309.5
A73: 228 | B73: LUSTRADORA | C73: DIXTER | D73: Sin Modelo | E73: 123543 | F73: 25688 | G73: 165001000 | H73: TOYOTA ARGENTINA S.A.. - PLANTA ZARATE | I73: LIMPIOLUX | J73: 1154
A74: 231 | B74: LUSTRADORA | C74: SUPER SPEED | D74: P-39 | E74: 150 | F74: 25688 | G74: 2840001000 | H74: ATLAS COPCO ARGENTINA S.A.C.I. - EDIF. ESTADOS UNIDOS 5335 | I74: LIMPIOLUX | J74: 309.5
A75: 232 | B75: LUSTRADORA | C75: SUPER SPEED | D75: P-28 | E75: 11549 | F75: 25688 | G75: 1000011 | H75: LIMPIOLUX S. A. - LIMPIOLUX S. A. - GERENCIA (SAN DIEGO) | J75: 461
A76: 234 | B76: LUSTRADORA | C76: DIXTER | D76: Sin Modelo | E76: 1234567 | F76: 25688 | G76: 3135001000 | H76: CELSUR - GRAL RODRIGUEZ | I76: LIMPIOLUX | J76: 1154
A77: 237 | B77: LUSTRADORA | C77: SUPER SPEED | D77: P-39 | E77: 798899 | F77: 25688 | G77: 2548018000 | H77: TELECENTRO S.A. - HIPOLITO YRIGOYEN 7501 - LOMAS DE ZAMORA | I77: LIMPIOLUX | J77: 309.5
A78: 242 | B78: LUSTRADORA | C78: DIXTER | D78: Sin Modelo | F78: 25688 | G78: 3042058002 | H78: CEILING SOLUTIONS S.A. - CEILING - Ricardo Nini (Gral Rodriguez) | I78: CEILING | J78: 1154
A79: 246 | B79: ASPIRADORA | C79: CLARKE | D79: 600 A | E79: 117620 | F79: 25688 | G79: 3319002000 | H79: BANCO DE LA PROVINCIA DE BUENOS AIRES-BANCO PROVINCIA-SAN MARTIN 108 | I79: LIMPIOLUX | J79: 1091
A80: 247 | B80: ASPIRADORA | C80: CLARKE | D80: 600 A | E80: A 117427 | F80: 25688 | G80: 3234007000 | H80: CUSHMAN & WAKEFIELD ARGENTINA SRL - ADIDAS - LOCAL SOLEIL FACTORY | I80: LIMPIOLUX | J80: 1091
A81: 253 | B81: ASPIRADORA | C81: SUPER SPEED | D81: 101-P | E81: 13695 | F81: 25688 | G81: 3365001000 | H81: INSTITUTO MASSONE S.A. - Pilar | I81: LIMPIOLUX | J81: 1212
A82: 254 | B82: LUSTRADORA | C82: DIXTER | D82: Sin Modelo | E82: 123445567 | F82: 25688 | G82: 1014002 | H82: LIMPIOLUX S. A. - C. I. M. REPARACIONES | J82: 1154
A83: 255 | B83: LAVADORA DE ALFOMBRA ROTATIVA | C83: DIXTER | D83: Sin Modelo | E83: 1234567 | F83: 25688 | G83: 2126013000 | H83: MINISTERIO DE HACIENDA - EDIF. AGAN EDISON Y R. OBLIGADO | I83: LIMPIOLUX | J83: 1154
A84: 257 | B84: ASPIRADORA | C84: TURBION | D84: T/67 | F84: 25688 | G84: 3319002000 | H84: BANCO DE LA PROVINCIA DE BUENOS AIRES-BANCO PROVINCIA-SAN MARTIN 108 | I84: LIMPIOLUX | J84: 1202.5
A85: 259 | B85: ASPIRADORA | C85: DIXTER | D85: 2815 | E85: 19651 | F85: 25688 | G85: 153002000 | H85: ABBOTT LABORATORIES ARGENTINA S.A.. - ABBOTT PLANTA | I85: LIMPIOLUX | J85: 1154
A86: 262 | B86: LUSTRADORA | C86: SUPER SPEED | D86: P-39 | E86: 2174 | F86: 25688 | G86: 212001000 | H86: A.T.I.L.R.A. - EDIF. YRIGOYEN 4054 | I86: LIMPIOLUX | J86: 309.5
A87: 263 | B87: LAVADORA DE ALF.TRANSVERSAL | C87: CLARKE | D87: CM-12 | E87: 12CM-14276 | F87: 25688 | G87: 1165000000 | H87: NUEVO BANCO DE SANTA FE S.A. - CASA CENTRAL ROSARIO | I87: LIMPIOLUX
A88: 265 | B88: ASPIRADORA | C88: CLARKE | D88: 600 A | E88: 117512 | F88: 25688 | G88: 212001000 | H88: A.T.I.L.R.A. - EDIF. YRIGOYEN 4054 | I88: LIMPIOLUX | J88: 1091
A89: 267 | B89: ASPIRADORA | C89: DIXTER | D89: 2815 | F89: 25688 | G89: 3042058002 | H89: CEILING SOLUTIONS S.A. - CEILING - Ricardo Nini (Gral Rodriguez) | I89: CEILING | J89: 1154
A90: 272 | B90: ASPIRADORA | C90: SUPER SPEED | D90: 101-P | E90: 8152 | F90: 25688 | G90: 1033000 | H90: LIMPIOLUX S. A. - OFICINA SR. PELUSO BOLSA DE COMERCIO | I90: LIMPIOLUX | J90: 1212
A91: 276 | B91: ASPIRADORA | C91: SUPER SPEED | D91: 101-P | E91: 13949 | F91: 25688 | G91: 529001000 | H91: MOTOMECANICA ARG. S.A.. - MOTOMECANICA ARG. S.A. | I91: LIMPIOLUX | J91: 1212
A92: 277 | B92: ASPIRADORA | C92: SUPER SPEED | D92: 101-P | E92: 13962 | F92: 25688 | G92: 1014001 | H92: LIMPIOLUX S. A. - C. I. M. STOCK | J92: 1212
A93: 279 | B93: ASPIRADORA | C93: SUPER SPEED | D93: 102-P/A | F93: 25688 | G93: 1967003000 | H93: JONES LANG LASALLE S.R.L. - DELL - JUANA MANSO 1069 4º Y 5-º p | I93: LIMPIOLUX | J93: 1135
A94: 280 | B94: ASPIRADORA | C94: SUPER SPEED | D94: 101-P | E94: 13973 | F94: 25688 | G94: 2936001000 | H94: MABXIENCE SAU - LABORATORIO PHARMADN - EDIFICIO MUNRO | I94: LIMPIOLUX | J94: 1212
A95: 281 | B95: LUSTRADORA | C95: SUPER SPEED | D95: P-39 | E95: 10510 | F95: 25688 | G95: 193012000 | H95: LABORATORIOS BAGO S.A.. - EDIF LA PLATA - CALLE 4 | I95: LIMPIOLUX | J95: 309.5
A96: 285 | B96: ASPIRADORA | C96: SUPER SPEED | D96: 101-P | E96: 13956 | F96: 25688 | G96: 1045000 | H96: LIMPIOLUX S. A. - LIMPIOLUX - FRERS 1 | I96: LIMPIOLUX | J96: 1212
A97: 286 | B97: ASPIRADORA | C97: SUPER SPEED | D97: 101-P | E97: 13964 | F97: 25688 | G97: 2126001000 | H97: MINISTERIO DE HACIENDA - CASA CENTRAL - YRIGOYEN 250 | I97: LIMPIOLUX | J97: 1212
A98: 287 | B98: ASPIRADORA | C98: SUPER SPEED | D98: 101-P | E98: 13058 | F98: 25688 | G98: 1165002000 | H98: NUEVO BANCO DE SANTA FE S.A. - AGENCIA LISANDRO DE LA TORRE | I98: LIMPIOLUX | J98: 1212
A99: 290 | B99: ASPIRADORA | C99: SUPER SPEED | D99: 101-P/A | E99: 13957 | F99: 25688 | G99: 3234004000 | H99: CUSHMAN & WAKEFIELD ARGENTINA SRL - Adidas La plata | I99: LIMPIOLUX | J99: 1212
A100: 292 | B100: ASPIRADORA | C100: SUPER SPEED | D100: 101-P | E100: 13954 | F100: 25688 | G100: 2641003000 | H100: TUTEUR S.A.C.I.F.I.A. - ENCARNACIÓN EZCURRA 365 - C.A.B.A. | I100: LIMPIOLUX | J100: 1212
...

Sheet Inventario FEB 4-3-26
A1: Nro Inventario | B1: Potencia W
A2: 5 | B2: =VLOOKUP(A2,'Inventario ENE 30-1-26'!$A$1:$J$10000,10,FALSE) -> 309.5
A3: 6 | B3: =VLOOKUP(A3,'Inventario ENE 30-1-26'!$A$1:$J$10000,10,FALSE) -> 309.5
A4: 7 | B4: =VLOOKUP(A4,'Inventario ENE 30-1-26'!$A$1:$J$10000,10,FALSE) -> 1212
A5: 8 | B5: =VLOOKUP(A5,'Inventario ENE 30-1-26'!$A$1:$J$10000,10,FALSE) -> 1212
A6: 11 | B6: =VLOOKUP(A6,'Inventario ENE 30-1-26'!$A$1:$J$10000,10,FALSE) -> 318.5
A7: 18 | B7: =VLOOKUP(A7,'Inventario ENE 30-1-26'!$A$1:$J$10000,10,FALSE) -> 1091
A8: 23 | B8: =VLOOKUP(A8,'Inventario ENE 30-1-26'!$A$1:$J$10000,10,FALSE) -> 1154
A9: 26 | B9: =VLOOKUP(A9,'Inventario ENE 30-1-26'!$A$1:$J$10000,10,FALSE) -> 309.5
A10: 30 | B10: =VLOOKUP(A10,'Inventario ENE 30-1-26'!$A$1:$J$10000,10,FALSE) -> 0
A11: 31 | B11: =VLOOKUP(A11,'Inventario ENE 30-1-26'!$A$1:$J$10000,10,FALSE) -> 1091
A12: 35 | B12: =VLOOKUP(A12,'Inventario ENE 30-1-26'!$A$1:$J$10000,10,FALSE) -> 1091
A13: 40 | B13: =VLOOKUP(A13,'Inventario ENE 30-1-26'!$A$1:$J$10000,10,FALSE) -> 309.5
... A657: 2170 | B657: =VLOOKUP(A657,'Inventario ENE 30-1-26'!$A$1:$J$10000,10,FALSE) -> 12
A658: 2175 | B658: 0
A659: 2180 | B659: =VLOOKUP(A659,'Inventario ENE 30-1-26'!$A$1:$J$10000,10,FALSE) -> 309.5
A660: 2181 | B660: =VLOOKUP(A660,'Inventario ENE 30-1-26'!$A$1:$J$10000,10,FALSE) -> 24
A661: 2182 | B661: =VLOOKUP(A661,'Inventario ENE 30-1-26'!$A$1:$J$10000,10,FALSE) -> 629
A662: 2183 | B662: =VLOOKUP(A662,'Inventario ENE 30-1-26'!$A$1:$J$10000,10,FALSE) -> 1212
A663: 2194 | B663: =VLOOKUP(A663,'Inventario ENE 30-1-26'!$A$1:$J$10000,10,FALSE) -> 309.5
A664: 2195 | B664: =VLOOKUP(A664,'Inventario ENE 30-1-26'!$A$1:$J$10000,10,FALSE) -> 309.5
A665: 2196 | B665: =VLOOKUP(A665,'Inventario ENE 30-1-26'!$A$1:$J$10000,10,FALSE) -> 309.5
A666: 2200 | B666: =VLOOKUP(A666,'Inventario ENE 30-1-26'!$A$1:$J$10000,10,FALSE) -> 309.5
A667: 2201 | B667: =VLOOKUP(A667,'Inventario ENE 30-1-26'!$A$1:$J$10000,10,FALSE) -> 1164.5
A668: 2202 | B668: =VLOOKUP(A668,'Inventario ENE 30-1-26'!$A$1:$J$10000,10,FALSE) -> 309.5
A669: 2203 | B669: =VLOOKUP(A669,'Inventario ENE 30-1-26'!$A$1:$J$10000,10,FALSE) -> 1164.5
A670: 2204 | B670: =VLOOKUP(A670,'Inventario ENE 30-1-26'!$A$1:$J$10000,10,FALSE) -> 1212
... A789: 2697 | B789: =VLOOKUP(A789,'Inventario ENE 30-1-26'!$A$1:$J$10000,10,FALSE) -> 3400
A790: 2710 | B790: 0
A791: 2712 | B791: =VLOOKUP(A791,'Inventario ENE 30-1-26'!$A$1:$J$10000,10,FALSE) -> 2000
A792: 2714 | B792: =VLOOKUP(A792,'Inventario ENE 30-1-26'!$A$1:$J$10000,10,FALSE) -> 3400
A793: 2716 | B793: =VLOOKUP(A793,'Inventario ENE 30-1-26'!$A$1:$J$10000,10,FALSE) -> 1000
A794: 2717 | B794: =VLOOKUP(A794,'Inventario ENE 30-1-26'!$A$1:$J$10000,10,FALSE) -> 1000
A795: 2723 | B795: =VLOOKUP(A795,'Inventario ENE 30-1-26'!$A$1:$J$10000,10,FALSE) -> 1000
A796: 2724 | B796: =VLOOKUP(A796,'Inventario ENE 30-1-26'!$A$1:$J$10000,10,FALSE) -> 1000
A797: 2725 | B797: =VLOOKUP(A797,'Inventario ENE 30-1-26'!$A$1:$J$10000,10,FALSE) -> 1000
A798: 2726 | B798: =VLOOKUP(A798,'Inventario ENE 30-1-26'!$A$1:$J$10000,10,FALSE) -> 309.5
A799: 2730 | B799: 0
A800: 2731 | B800: 0
A801: 2732 | B801: 0
A802: 2733 | B802: 0
A803: 2734 | B803: 0
A804: 2735 | B804: 0
A805: 2741 | B805: 0
A806: 2752 | B806: =VLOOKUP(A806,'Inventario ENE 30-1-26'!$A$1:$J$10000,10,FALSE) -> 745.7
A807: 2754 | B807: =VLOOKUP(A807,'Inventario ENE 30-1-26'!$A$1:$J$10000,10,FALSE) -> 0
A808: 2755 | B808: =VLOOKUP(A808,'Inventario ENE 30-1-26'!$A$1:$J$10000,10,FALSE) -> 3600
A809: 2758 | B809: =VLOOKUP(A809,'Inventario ENE 30-1-26'!$A$1:$J$10000,10,FALSE) -> 1000
A810: 2759 | B810: =VLOOKUP(A810,'Inventario ENE 30-1-26'!$A$1:$J$10000,10,FALSE) -> 1000
A811: 2760 | B811: =VLOOKUP(A811,'Inventario ENE 30-1-26'!$A$1:$J$10000,10,FALSE) -> 1000
A812: 2762 | B812: 0
A813: 2768 | B813: =VLOOKUP(A813,'Inventario ENE 30-1-26'!$A$1:$J$10000,10,FALSE) -> 1150
A814: 2769 | B814: =VLOOKUP(A814,'Inventario ENE 30-1-26'!$A$1:$J$10000,10,FALSE) -> 1150
A815: 2770 | B815: =VLOOKUP(A815,'Inventario ENE 30-1-26'!$A$1:$J$10000,10,FALSE) -> 1150
A816: 2772 | B816: =VLOOKUP(A816,'Inventario ENE 30-1-26'!$A$1:$J$10000,10,FALSE) -> 1100
A817: 2773 | B817: =VLOOKUP(A817,'Inventario ENE 30-1-26'!$A$1:$J$10000,10,FALSE) -> 1300
A818: 2781 | B818: =VLOOKUP(A818,'Inventario ENE 30-1-26'!$A$1:$J$10000,10,FALSE) -> 24
A819: 2785 | B819: =VLOOKUP(A819,'Inventario ENE 30-1-26'!$A$1:$J$10000,10,FALSE) -> 24
A820: 2788 | B820: =VLOOKUP(A820,'Inventario ENE 30-1-26'!$A$1:$J$10000,10,FALSE) -> 591.5
A821: 2790 | B821: =VLOOKUP(A821,'Inventario ENE 30-1-26'!$A$1:$J$10000,10,FALSE) -> 3400
A822: 2791 | B822: =VLOOKUP(A822,'Inventario ENE 30-1-26'!$A$1:$J$10000,10,FALSE) -> 3600
A823: 2796 | B823: 0
A824: 2803 | B824: =VLOOKUP(A824,'Inventario ENE 30-1-26'!$A$1:$J$10000,10,FALSE) -> 1200
A825: 2804 | B825: =VLOOKUP(A825,'Inventario ENE 30-1-26'!$A$1:$J$10000,10,FALSE) -> 1500
A826: 2805 | B826: =VLOOKUP(A826,'Inventario ENE 30-1-26'!$A$1:$J$10000,10,FALSE) -> 1500
A827: 2812 | B827: =VLOOKUP(A827,'Inventario ENE 30-1-26'!$A$1:$J$10000,10,FALSE) -> 0
A828: 2817 | B828: =VLOOKUP(A828,'Inventario ENE 30-1-26'!$A$1:$J$10000,10,FALSE) -> 309.5
A829: 2820 | B829: =VLOOKUP(A829,'Inventario ENE 30-1-26'!$A$1:$J$10000,10,FALSE) -> 1154
A830: 2821 | B830: =VLOOKUP(A830,'Inventario ENE 30-1-26'!$A$1:$J$10000,10,FALSE) -> 3600
A831: 2822 | B831: =VLOOKUP(A831,'Inventario ENE 30-1-26'!$A$1:$J$10000,10,FALSE) -> 309.5
A832: 2825 | B832: =VLOOKUP(A832,'Inventario ENE 30-1-26'!$A$1:$J$10000,10,FALSE) -> 24
A833: 2834 | B833: =VLOOKUP(A833,'Inventario ENE 30-1-26'!$A$1:$J$10000,10,FALSE) -> 1138.5
A834: 2836 | B834: =VLOOKUP(A834,'Inventario ENE 30-1-26'!$A$1:$J$10000,10,FALSE) -> 591.5
A835: 2845 | B835: =VLOOKUP(A835,'Inventario ENE 30-1-26'!$A$1:$J$10000,10,FALSE) -> 1000
... A839: 2850 | B839: =VLOOKUP(A839,'Inventario ENE 30-1-26'!$A$1:$J$10000,10,FALSE) -> 1000
A840: 2855 | B840: 0
A841: 2857 | B841: =VLOOKUP(A841,'Inventario ENE 30-1-26'!$A$1:$J$10000,10,FALSE) -> 1000
A842: 2863 | B842: =VLOOKUP(A842,'Inventario ENE 30-1-26'!$A$1:$J$10000,10,FALSE) -> 24
A843: 2872 | B843: =VLOOKUP(A843,'Inventario ENE 30-1-26'!$A$1:$J$10000,10,FALSE) -> 24
A844: 2874 | B844: =VLOOKUP(A844,'Inventario ENE 30-1-26'!$A$1:$J$10000,10,FALSE) -> 24
A845: 2875 | B845: =VLOOKUP(A845,'Inventario ENE 30-1-26'!$A$1:$J$10000,10,FALSE) -> 24
A846: 2876 | B846: =VLOOKUP(A846,'Inventario ENE 30-1-26'!$A$1:$J$10000,10,FALSE) -> 24
A847: 2881 | B847: =VLOOKUP(A847,'Inventario ENE 30-1-26'!$A$1:$J$10000,10,FALSE) -> 1000
A848: 2882 | B848: =VLOOKUP(A848,'Inventario ENE 30-1-26'!$A$1:$J$10000,10,FALSE) -> 1000
A849: 2883 | B849: =VLOOKUP(A849,'Inventario ENE 30-1-26'!$A$1:$J$10000,10,FALSE) -> 591.5
A850: 2884 | B850: =VLOOKUP(A850,'Inventario ENE 30-1-26'!$A$1:$J$10000,10,FALSE) -> 3600
A851: 2885 | B851: =VLOOKUP(A851,'Inventario ENE 30-1-26'!$A$1:$J$10000,10,FALSE) -> 1200
A852: 2886 | B852: =VLOOKUP(A852,'Inventario ENE 30-1-26'!$A$1:$J$10000,10,FALSE) -> 3400
... A887: 2970 | B887: =VLOOKUP(A887,'Inventario ENE 30-1-26'!$A$1:$J$10000,10,FALSE) -> 3400
A888: 2975 | B888: 0
A889: 2977 | B889: =VLOOKUP(A889,'Inventario ENE 30-1-26'!$A$1:$J$10000,10,FALSE) -> 0
A890: 2978 | B890: =VLOOKUP(A890,'Inventario ENE 30-1-26'!$A$1:$J$10000,10,FALSE) -> 0
A891: 2979 | B891: =VLOOKUP(A891,'Inventario ENE 30-1-26'!$A$1:$J$10000,10,FALSE) -> 36
A892: 2981 | B892: =VLOOKUP(A892,'Inventario ENE 30-1-26'!$A$1:$J$10000,10,FALSE) -> 3400
A893: 2986 | B893: =VLOOKUP(A893,'Inventario ENE 30-1-26'!$A$1:$J$10000,10,FALSE) -> 3600
A894: 2988 | B894: =VLOOKUP(A894,'Inventario ENE 30-1-26'!$A$1:$J$10000,10,FALSE) -> 1000
A895: 2989 | B895: =VLOOKUP(A895,'Inventario ENE 30-1-26'!$A$1:$J$10000,10,FALSE) -> 1000
A896: 2990 | B896: =VLOOKUP(A896,'Inventario ENE 30-1-26'!$A$1:$J$10000,10,FALSE) -> 767
A897: 2993 | B897: =VLOOKUP(A897,'Inventario ENE 30-1-26'!$A$1:$J$10000,10,FALSE) -> 1200
A898: 2994 | B898: =VLOOKUP(A898,'Inventario ENE 30-1-26'!$A$1:$J$10000,10,FALSE) -> 0
...
